FirstName,LastName,Email,ChileanRutNumber
Jin,William,risus.odio.auctor@aliquam.ca,32399295
Nathan,Kent,lobortis.quam@egestasadui.co.uk,33738308
Xenos,Mcfadden,egestas.ligula.Nullam@egestasnunc.edu,45009717
Fuller,Soto,dictum.cursus@mauris.ca,46580555
Francis,Peck,Sed.id@liberoestcongue.edu,10662544
Jarrod,Fernandez,eleifend.non@infaucibusorci.ca,15273596
Rahim,Gentry,at.libero@sitamet.com,39959140
Bevis,Wooten,sapien@facilisiSed.co.uk,5232186
Jesse,Holmes,magna@ipsumPhasellusvitae.edu,26711966
Lucian,Good,pede.Nunc.sed@vel.ca,22610613
Murphy,Ballard,egestas@idblanditat.net,39387735
Dale,Nielsen,lorem.eu@ipsumdolorsit.ca,11672139
Fitzgerald,Fitzgerald,convallis.erat.eget@lacus.com,50990090
Kermit,Sosa,mauris.eu@Duis.org,50882433
Oleg,Mcguire,lobortis.tellus.justo@vehicula.org,33581522
Ivan,Andrews,auctor.velit.eget@enim.net,16893236
Mohammad,Howe,molestie@nuncullamcorper.edu,28568400
Cedric,Davis,Donec.egestas@Craseutellus.edu,47726221
Colt,Bean,Mauris@odioEtiam.ca,21817892
Forrest,Byrd,sodales.at.velit@bibendumDonecfelis.co.uk,42338035
Philip,Patrick,risus@estmauris.com,24526713
Bruno,Horton,non@sed.org,29807081
Nolan,Bean,molestie.pharetra@magnaDuis.co.uk,25490598
Patrick,Austin,consequat.auctor.nunc@atiaculisquis.net,40173583
Carl,Gallegos,nibh.lacinia@morbitristique.org,33909247
Henry,James,semper@ultricesiaculisodio.com,21314910
Bernard,Wagner,ante@Phasellus.net,34577008
Nasim,Hanson,vel@Aeneaneget.net,35269344
Dolan,Harrington,diam.Pellentesque@augue.com,40443170
Marvin,Rodgers,Donec.sollicitudin@magnaLoremipsum.co.uk,40169799
Ethan,Dennis,fringilla.mi@erat.ca,10746325
Eagan,Obrien,et.tristique@Class.net,18238863
Ivor,Rios,odio.Aliquam.vulputate@atfringilla.org,47150402
Ali,Fisher,Donec.egestas.Aliquam@rutrummagna.ca,26850324
Allen,Wong,amet.orci.Ut@enim.edu,21625583
Lamar,Head,a.purus@vel.com,48255661
Garrison,Sanford,eget.laoreet@vel.org,5293891
Garrett,Nguyen,adipiscing.Mauris@duisemper.ca,24732490
Simon,Wooten,enim.Suspendisse.aliquet@Curabiturdictum.edu,49226812
Amery,Jacobson,Quisque.libero@idante.com,8186432
Wallace,Bowman,Aliquam.nec@iaculis.net,18107016
Erich,Fox,amet.risus.Donec@Integer.net,30349954
Kenyon,Yates,lacus.Aliquam.rutrum@maurisMorbi.net,37654904
Wang,Kane,magnis.dis.parturient@velitegestas.org,29426892
Thor,Klein,enim.Etiam.imperdiet@hymenaeosMauris.net,21522150
Dorian,Valentine,dignissim.pharetra@porttitorscelerisque.com,47009990
Colorado,Frederick,condimentum@atfringillapurus.com,6420781
Lucas,Franks,magna@arcu.ca,14511408
Kasper,Lynch,neque@Nam.co.uk,34741345
Howard,Guzman,Aliquam@interdumNuncsollicitudin.net,23071987
Armando,Obrien,ligula@sitametrisus.ca,12458505
Fitzgerald,Puckett,sem.elit@enim.ca,46652284
Kamal,Turner,nisi.Aenean@semconsequat.org,29026634
Warren,Ward,sed.turpis.nec@adlitora.com,29966246
Nicholas,Haynes,Nullam.velit@Duismi.edu,6768489
Chandler,Mccullough,egestas.Duis.ac@cursus.ca,10992902
Yasir,Gilbert,adipiscing@Fuscealiquamenim.net,35800279
Tad,Hull,vestibulum.neque.sed@velitCras.com,31124275
Justin,Carroll,id.sapien@laoreet.com,7934799
Lee,Avery,viverra@risus.net,6548230
Mark,Simpson,mauris@egetmassaSuspendisse.ca,34270542
Byron,Rowe,et@id.net,36782671
Keefe,Velazquez,dignissim.magna.a@arcu.ca,33531771
Ross,Graham,Donec.sollicitudin.adipiscing@nisl.com,46842946
Abdul,Lancaster,dolor.Quisque@iderat.net,15248290
Branden,Peck,in.magna.Phasellus@eu.ca,18883533
Wallace,Guzman,nonummy.ipsum@nullaatsem.net,48316317
Jelani,Sparks,et@velitCras.ca,6177212
Uriah,Delacruz,quam.a.felis@auctor.org,28661517
Giacomo,Perry,dictum.magna.Ut@risus.com,33758650
Aristotle,Pittman,Integer.in@ornareelitelit.ca,20842489
Emerson,Vinson,rutrum.urna@Integeridmagna.net,22999368
Gage,Levine,est.Nunc.ullamcorper@lacus.com,25610736
Beau,Daniel,Quisque.ornare.tortor@eleifend.co.uk,48534164
Jason,Morton,ultricies@sed.co.uk,10431741
Jin,Horn,varius.et@nisl.edu,27378574
Reed,Hoffman,Donec.est@eratVivamusnisi.co.uk,35324638
Hashim,Schroeder,dolor@scelerisquesed.edu,28045502
Emerson,Davidson,Vestibulum@mollisInteger.edu,19769000
Quentin,Brady,ultrices@dictumProineget.com,28017981
Vincent,Melton,auctor@utnullaCras.com,22036285
Aidan,Burke,mattis@magnaSuspendisse.net,7938816
Carl,Holden,scelerisque@ami.net,22168611
Chaim,Pittman,euismod@nibhAliquamornare.org,19996743
Omar,Stewart,Cum.sociis@facilisis.co.uk,30474661
Porter,Knapp,erat@gravida.net,10424506
Malcolm,Shaffer,sed@laciniavitae.net,50734306
Cain,Booker,Sed@ut.com,22111692
Ivan,Humphrey,mauris.erat.eget@loremluctus.ca,29207861
Lewis,Ball,Mauris@necleo.com,26513982
Kamal,Ellis,est.ac.mattis@vitae.net,18295819
Joshua,Austin,in.faucibus@Nunccommodo.co.uk,13781266
Martin,Stephens,libero@orciUt.edu,44988696
Paul,Bentley,in.lobortis.tellus@Nam.co.uk,47210277
Alden,Jordan,eget@semperduilectus.ca,41035685
Ira,Hanson,mauris.id@In.edu,30593112
Austin,Warner,mattis.semper@congueturpis.org,35323504
Linus,Hanson,eu.odio.tristique@necleo.co.uk,47875783
Ivor,Ayers,volutpat.ornare@felis.ca,19763195
Drew,Valencia,semper.et@aodio.co.uk,7354411